revenue,invoices,units,month
822483.95,1682,425461,2009-12
651155.112,1105,390672,2010-01
551504.726,1201,381879,2010-02
830915.261,1681,526026,2010-03
678875.252,1462,366705,2010-04
657705.5,1500,395868,2010-05
749537.31,1645,406820,2010-06
648810.27,1529,337895,2010-07
695251.91,1425,472380,2010-08
921696.991,1839,583864,2010-09
1161902.22,2301,619996,2010-10
1464293.142,2747,725161,2010-11
1259083.75,1559,538239,2010-12
689811.61,1086,387099,2011-01
522545.56,1100,282934,2011-02
716215.26,1454,376599,2011-03
536968.491,1246,307953,2011-04
769296.61,1681,395001,2011-05
760547.01,1533,388511,2011-06
718076.121,1475,399693,2011-07
757841.38,1361,421020,2011-08
1056435.192,1837,569573,2011-09
1151263.73,2040,621029,2011-10
1503866.78,2769,751377,2011-11
637808.33,819,313613,2011-12
